,tds,ec,ph,Anomaly,Anomaly_Score
0,691,5.85,1.4,0,-0.24996519524324134
1,632,5.16,1.6,0,-0.18909881743095885
2,564,5.34,0.6,0,-0.047880236863525605
3,718,5.3,0.5,0,-0.062361968180608685
4,702,5.17,0.9,0,-0.10754006200876276
5,677,5.42,0.1,0,-0.02551859250672739
6,699,5.8,0.4,0,-0.07944483026206106
7,711,5.76,1.8,0,-0.19096675663805202
8,842,5.13,0.9,0,-0.05541449616525951
9,572,5.21,1.2,0,-0.11286255834281367
10,855,5.93,1.1,0,-0.08957862221574064
11,675,5.11,1.8,0,-0.13042127516681212
12,863,5.12,0.1,1,0.010815192773423798
13,661,5.92,1.7,0,-0.19405655822063134
14,726,5.83,1.8,0,-0.1849530225344313
15,667,5.33,1.1,0,-0.12072219340243961
16,833,5.86,2.0,0,-0.10952169716685745
17,550,5.23,1.0,0,-0.07497385718632366
18,796,5.01,1.9,0,-0.090395014279678
19,616,5.47,1.6,0,-0.1954403763417606
20,642,5.2,0.5,0,-0.05620229338787208
21,611,5.04,1.4,0,-0.17707231134635687
22,896,5.15,1.3,0,-0.08466375959960903
23,685,5.8,0.7,0,-0.13754672677351132
24,656,5.6,1.7,0,-0.1959886432716254
25,871,5.39,0.5,0,-0.021286195551084575
26,529,5.45,1.5,0,-0.1635378540038092
27,827,5.07,0.5,0,-0.022272102097573687
28,520,5.3,1.4,0,-0.1489774189902341
29,894,5.95,0.6,0,-0.04430083429387077
30,754,5.58,0.4,0,-0.06825171685363507
31,788,5.08,0.1,0,-0.0212366982966653
32,524,5.66,1.2,0,-0.12948606918396488
33,896,5.54,1.1,0,-0.09255484189375762
34,756,5.4,1.9,0,-0.11567399376751675
35,773,5.12,0.7,0,-0.08628228706827878
36,504,5.06,0.5,0,-0.015564086051080617
37,761,5.73,1.0,0,-0.1603341405046801
38,689,5.95,0.5,0,-0.05809425693068515
39,722,5.55,0.6,0,-0.10560335944803678
40,550,5.09,1.2,0,-0.09093867937964317
41,860,5.73,1.1,0,-0.11637061057093334
42,707,5.88,1.7,0,-0.20678691434739538
43,619,5.32,1.1,0,-0.11711866973147933
44,881,5.6,1.1,0,-0.10776075174614752
45,606,5.97,2.0,0,-0.11477529963752309
46,817,5.95,0.3,0,-0.014003994129248354
47,709,5.53,1.8,0,-0.14971274831997972
48,614,5.6,0.1,0,-0.0635270639385721
49,776,5.92,0.9,0,-0.11347625036328923
50,578,5.82,1.1,0,-0.13683601709280124
51,812,5.69,1.4,0,-0.22431519798747213
52,705,5.92,1.2,0,-0.1674306351433787
53,618,5.86,1.1,0,-0.14650945823416933
54,531,5.14,1.0,0,-0.0675798649880539
55,815,5.21,1.2,0,-0.1037966564503423
56,510,5.28,1.2,0,-0.084885283049142
57,513,5.23,1.6,0,-0.14272043420888514
58,703,5.1,0.1,0,-0.02259429179259176
59,815,5.82,0.3,0,-0.04288088074944685
60,501,5.33,0.3,1,0.004407430915274402
61,883,5.77,1.6,0,-0.17034268610893244
62,545,5.92,1.6,0,-0.18017454901048502
63,757,5.23,1.4,0,-0.19060307939971488
64,865,5.02,0.1,1,0.014930860374426147
65,728,5.31,0.8,0,-0.10315536247769341
66,713,5.96,1.6,0,-0.2212774378730309
67,898,5.27,0.2,1,0.007714422369543228
68,748,5.69,1.3,0,-0.2063266792821491
69,613,5.16,1.4,0,-0.18505988442381788
70,679,5.36,0.4,0,-0.04150798522792365
71,894,5.28,1.5,0,-0.12731059965338642
72,829,5.1,1.3,0,-0.1025440351729825
73,508,5.84,0.1,0,-0.007543269823000243
74,633,5.54,1.5,0,-0.2236595020338465
75,839,5.35,1.5,0,-0.14412435481111951
76,660,5.77,0.1,0,-0.06382614488376226
77,579,5.24,0.9,0,-0.09526702164065481
78,719,5.29,1.3,0,-0.1559762572714119
79,842,5.93,1.6,0,-0.16201487586073837
80,681,5.69,1.9,0,-0.17615779881687837
81,782,5.89,0.7,0,-0.10258320230643969
82,663,5.82,0.2,0,-0.057176152577289585
83,670,5.94,0.7,0,-0.09898006940040105
84,519,5.36,1.6,0,-0.15149681005869525
85,592,5.41,1.1,0,-0.11073404338638992
86,593,5.89,1.9,0,-0.15240641562742702
87,875,5.18,1.1,0,-0.06143109596452245
88,695,5.35,0.6,0,-0.07940986934725802
89,627,5.25,1.3,0,-0.14757563772148058
90,592,5.78,0.6,0,-0.10700206461423067
91,760,5.55,1.5,0,-0.2246177075251642
92,659,5.59,1.3,0,-0.19090150647123266
93,754,5.34,1.8,0,-0.1294688182486653
94,598,5.86,1.2,0,-0.15665560956301877
95,535,5.91,0.4,0,-0.01352228065345018
96,672,5.89,0.7,0,-0.11922559380222464
97,873,5.27,1.7,0,-0.0794772926167614
98,640,5.73,0.8,0,-0.1491679285694913
99,802,5.01,1.2,0,-0.10537328305352889
100,603,5.54,0.8,0,-0.114160488764806
101,755,5.35,0.2,0,-0.02872594894819913
102,878,5.54,1.0,0,-0.09105650230766282
103,861,5.99,0.9,0,-0.06365339555300553
104,576,5.92,0.0,0,-0.014035502263929689
105,701,5.6,1.2,0,-0.18714245427515414
106,552,5.25,0.0,1,0.004601554083531911
107,602,5.89,0.4,0,-0.053165318233363235
108,782,5.57,1.5,0,-0.22343480230100787
109,788,5.56,1.7,0,-0.16966242126709924
110,818,5.63,0.8,0,-0.12008982037492799
111,862,5.49,1.4,0,-0.13749719209751143
112,582,5.2,0.1,0,-0.011525684750698706
113,547,5.06,2.0,0,-0.062413670612142425
114,645,5.11,1.7,0,-0.13153408574883407
115,503,5.45,0.1,1,0.0028518853089177787
116,811,5.55,1.0,0,-0.1179896537426327
117,879,5.69,1.2,0,-0.13088676321778425
118,613,5.63,1.5,0,-0.23821540393388596
119,832,5.24,0.7,0,-0.04560260883086653
120,729,5.15,1.5,0,-0.2021967807590348
121,782,5.82,0.3,0,-0.050485148997738816
122,830,5.29,1.7,0,-0.09970607804331855
123,678,5.17,1.9,0,-0.12309775950506363
124,780,5.46,1.5,0,-0.20096725558953993
125,747,5.66,0.3,0,-0.07254007986087452
126,610,5.98,0.6,0,-0.07446689466254985
127,798,5.4,1.6,0,-0.1869180926173482
128,626,5.87,1.1,0,-0.14832292493918264
129,733,5.45,0.4,0,-0.05114529969241055
130,646,5.34,1.1,0,-0.1251714026892331
131,824,5.56,0.2,0,-0.024708695378347745
132,552,5.8,1.8,0,-0.14326896061714944
133,636,5.07,1.0,0,-0.10939121179181743
134,553,5.7,1.1,0,-0.11630437860046006
135,732,5.93,1.9,0,-0.15426110932556203
136,638,5.92,1.4,0,-0.23546003010954358
137,659,5.7,1.9,0,-0.1693114679993279
138,627,5.26,0.6,0,-0.07788075765031566
139,579,5.94,0.2,0,-0.009146572594015967
140,873,5.98,0.6,0,-0.03885849032182609
141,598,5.28,1.8,0,-0.10792509142181805
142,767,5.53,0.4,0,-0.05405646656075991
143,538,5.17,0.7,0,-0.04554426834832781
144,887,5.56,1.3,0,-0.12796982718989613
145,516,5.45,1.1,0,-0.07901536193949388
146,742,5.7,0.5,0,-0.10565307782257016
147,646,5.28,0.5,0,-0.056914156188652254
148,766,5.57,1.4,0,-0.23111431806679333
149,578,5.81,0.4,0,-0.05993492040540793
150,688,5.41,0.6,0,-0.07878325643410022
151,548,5.59,0.9,0,-0.10650366374091313
152,734,5.19,1.2,0,-0.14165396223549942
153,883,5.83,0.5,0,-0.053318623428689316
154,721,5.29,0.7,0,-0.09235796085862491
155,841,5.77,0.4,0,-0.05648080104973807
156,504,5.75,1.1,0,-0.10905445689316007
157,818,5.15,1.5,0,-0.15637575424647876
158,642,6.0,0.2,0,-0.015605499710443671
159,846,5.43,1.4,0,-0.13578206460989695
160,749,5.06,0.2,0,-0.02537910893041695
161,677,5.23,1.9,0,-0.1259903226964154
162,585,5.07,1.9,0,-0.08705773086780766
163,511,5.31,0.4,0,-0.0033944027640255836
164,716,5.82,1.8,0,-0.18870257949460767
165,542,5.23,0.1,1,0.0068043425995026885
166,752,5.23,1.9,0,-0.11626709612900898
167,796,5.88,0.7,0,-0.09827214765819825
168,513,5.35,1.2,0,-0.08859641409768071
169,754,5.67,1.9,0,-0.16252449133425173
170,768,5.0,1.7,0,-0.12650007155725873
171,666,5.72,0.4,0,-0.08982992578798665
172,571,5.06,0.4,0,-0.024156102342893893
173,696,5.14,0.4,0,-0.03586773607674476
174,756,5.85,0.6,0,-0.10212038470895535
175,761,5.82,0.3,0,-0.058635049616908685
176,694,5.74,0.3,0,-0.07261610985317857
177,766,5.81,1.9,0,-0.1639118712478448
178,650,5.75,1.9,0,-0.17157455062993182
179,560,5.18,0.6,0,-0.038703868244648554
180,797,5.68,1.2,0,-0.17015497813691505
181,537,5.18,0.2,1,0.010657951142886257
182,783,5.33,1.6,0,-0.1914073476253353
183,792,5.82,1.8,0,-0.1647450964445626
184,890,5.97,2.0,0,-0.06159497014879678
185,671,5.18,0.4,0,-0.034074584572793
186,682,5.88,0.6,0,-0.10543654164395999
187,778,5.47,0.9,0,-0.10562501858479212
188,720,5.1,1.6,0,-0.19159718594809028
189,607,5.02,0.8,0,-0.09047391837832208
190,565,5.75,0.5,0,-0.06257494016527276
191,883,5.7,1.5,0,-0.1707286300525206
192,852,5.11,1.7,0,-0.07550895717136541
193,529,5.73,1.8,0,-0.13729464298535743
194,594,5.76,0.3,0,-0.06062334717782902
195,556,5.72,0.9,0,-0.10641078424015293
196,676,5.01,1.6,0,-0.18567995264582465
197,795,5.19,0.0,0,-0.014979622787398172
198,620,5.59,0.2,0,-0.05975098986753469
199,859,5.05,1.7,0,-0.07088923308547457
200,614,5.51,1.3,0,-0.15598736096093818
201,880,5.38,0.8,0,-0.05352639833984518
202,892,5.59,1.9,0,-0.0883866874639917
203,722,5.89,0.2,0,-0.04978158541648303
204,556,5.22,0.8,0,-0.0635875116203588
205,502,5.1,0.9,0,-0.05709533341531159
206,828,5.66,0.1,0,-0.04070806832800333
207,709,5.5,1.0,0,-0.12218158972352655
208,816,5.69,1.4,0,-0.21997624174962904
209,627,5.46,0.0,0,-0.03233133720741033
210,658,5.51,1.0,0,-0.12558792369584337
211,620,5.74,0.2,0,-0.06352137386314727
212,819,5.6,1.3,0,-0.16816203931880647
213,686,5.66,1.3,0,-0.20701844817733234
214,623,5.82,0.7,0,-0.1312120056428948
215,844,5.52,0.1,0,-0.00798509345235665
216,702,5.04,1.9,0,-0.1134509650289891
217,815,5.28,0.8,0,-0.07375664913189739
218,795,5.05,1.8,0,-0.11183758669768296
219,524,5.88,0.8,0,-0.07620823724486614
220,672,5.17,0.4,0,-0.035465271643679186
221,766,5.85,0.1,0,-0.05066974291339954
222,722,5.41,1.8,0,-0.13216183930736425
223,642,5.59,1.9,0,-0.15985394618960203
224,672,5.76,0.6,0,-0.1299315692119658
225,726,5.15,1.3,0,-0.15435260935233658
226,816,5.11,1.0,0,-0.08359408495196952
227,709,5.84,0.7,0,-0.12389836471652094
228,775,5.4,1.5,0,-0.19637519858679664
229,567,5.35,0.2,0,-0.0039018882902461804
230,885,5.0,0.8,0,-0.04335899377902808
231,815,5.6,0.2,0,-0.03899317677483238
232,754,5.5,0.5,0,-0.06510528553509176
233,807,5.38,0.3,0,-0.022094711927223454
234,557,5.63,0.3,0,-0.038813522871779305
235,702,5.15,0.5,0,-0.057681826229323274
236,735,5.34,0.5,0,-0.06604743389112622
237,706,5.96,0.8,0,-0.09957809836491693
238,805,5.79,1.7,0,-0.18645189396226836
239,890,5.48,2.0,0,-0.04964619107589974
240,691,5.23,0.5,0,-0.054183351255369216
241,524,5.93,1.8,0,-0.11968028776153283
242,798,5.66,0.3,0,-0.06114728867805552
243,649,5.73,1.5,0,-0.2528814263440174
244,856,5.55,0.9,0,-0.08777076280217155
245,808,5.0,1.9,0,-0.0813562497699506
246,555,5.42,0.9,0,-0.0764679971684834
247,500,5.82,1.3,0,-0.1354107671276299
248,749,5.62,1.1,0,-0.16935364814621406
249,800,5.62,0.2,0,-0.05100885261895349
250,738,5.26,0.7,0,-0.09616740892901965
251,867,5.41,0.8,0,-0.05352639833984518
252,652,5.41,0.2,0,-0.024811579164314757
253,715,5.85,1.4,0,-0.24920192698711036
254,864,5.5,1.1,0,-0.07769484366913815
255,589,5.91,1.3,0,-0.15483214198745682
256,701,5.22,1.2,0,-0.13834860918902459
257,858,5.15,0.6,0,-0.02517886864598151
258,763,5.62,1.2,0,-0.17766368031863117
259,704,5.57,1.1,0,-0.15786306027848862
260,524,5.98,1.5,0,-0.1591738588636019
261,648,5.36,0.4,0,-0.04174552869342696
262,698,5.23,0.2,0,-0.024173514572515042
263,597,5.99,2.0,0,-0.10080955059934105
264,549,5.37,0.2,1,0.00029798465848096534
265,657,5.2,1.6,0,-0.19373110015331396
266,878,5.81,0.7,0,-0.0944753020798943
267,805,5.5,1.1,0,-0.10964823906500909
268,658,5.54,0.4,0,-0.05803388709123736
269,606,5.07,1.9,0,-0.09781709046558829
270,513,5.66,1.7,0,-0.14804615650352726
271,843,5.45,0.4,0,-0.014447692437209225
272,774,5.86,0.1,0,-0.04249839365211783
273,509,5.18,0.1,1,0.017093691910321174
274,701,5.02,1.0,0,-0.10438144430699092
275,617,5.01,0.7,0,-0.08252648350440883
276,607,5.11,1.1,0,-0.11256833732572924
277,772,5.09,0.0,0,-0.022058687420767886
278,570,5.98,0.7,0,-0.05563828049669739
279,816,5.31,0.6,0,-0.04913005599053599
280,839,5.9,0.5,0,-0.04329000822423956
281,583,5.61,0.8,0,-0.13686112404206752
282,641,5.58,0.8,0,-0.1389655884260098
283,575,5.14,0.2,0,-0.0064217318042923965
284,520,5.9,1.0,0,-0.0849051919555065
285,814,5.21,1.6,0,-0.16590082308044496
286,519,5.17,1.4,0,-0.1383091343688143
287,837,5.34,1.3,0,-0.10588354071309436
288,671,5.27,0.4,0,-0.03655142491607144
289,628,5.08,0.4,0,-0.03739861780878917
290,640,5.44,0.1,0,-0.0257402941604008
291,831,5.65,0.0,0,-0.034788800796497266
292,782,5.15,1.0,0,-0.10223933992502943
293,884,5.55,0.9,0,-0.08777076280217155
294,589,5.91,0.3,0,-0.026365127171941283
295,615,5.25,0.1,0,-0.01856589552001886
296,580,5.75,1.4,0,-0.21755258208851075
297,775,5.84,0.6,0,-0.09940364340840147
298,500,5.58,0.7,0,-0.08069835334191144
299,718,5.37,1.8,0,-0.13091862316008795
300,500,5.82,1.0,0,-0.09840966402285733
301,668,5.84,1.0,0,-0.14797727630393132
302,823,5.7,1.0,0,-0.1388484388838921
303,524,5.52,0.4,0,-0.027155529774841147
304,870,5.54,0.8,0,-0.07863364880921264
305,760,5.4,1.1,0,-0.11740838946632859
306,680,5.4,0.2,0,-0.025250804870188936
307,737,5.96,1.6,0,-0.21899546009139498
308,639,5.56,0.0,0,-0.0507233531082395
309,894,5.31,0.8,0,-0.049938453918576986
310,524,5.77,0.6,0,-0.07412412551565029
311,839,5.3,1.0,0,-0.06810136144626266
312,873,5.81,0.9,0,-0.10745608411859453
313,570,5.57,0.4,0,-0.052340742026528275
314,516,5.06,1.7,0,-0.0945391739937701
315,892,5.78,0.2,0,-0.034354912233988455
316,750,5.52,0.6,0,-0.09053198114886174
317,858,5.49,1.5,0,-0.1463510624717852
318,851,5.06,1.9,0,-0.05315664202909354
319,582,5.96,0.8,0,-0.07851763996090788
320,734,5.75,0.7,0,-0.1434229080805799
321,751,5.7,1.8,0,-0.17920875953993443
322,771,5.87,0.4,0,-0.0597088866547959
323,644,5.14,0.0,0,-0.018558219226454287
324,694,5.09,1.6,0,-0.19555452026638748
325,840,5.38,0.5,0,-0.023394116254709885
326,838,5.45,0.7,0,-0.0531364362151906
327,669,5.5,1.0,0,-0.12256729038675662
328,602,5.25,0.1,0,-0.012933068623480981
329,736,5.87,1.3,0,-0.1992724365369437
330,622,5.97,0.3,0,-0.02331738589434884
331,772,5.17,0.9,0,-0.10343112386213438
332,729,5.89,1.9,0,-0.173135335984533
333,771,5.39,1.9,0,-0.12048648605128709
334,564,5.98,1.1,0,-0.07013170752007669
335,626,5.95,0.0,0,-0.021335197998101796
336,568,5.05,1.6,0,-0.14656312100729657
337,643,5.38,1.2,0,-0.138574681960005
338,580,5.26,1.9,0,-0.09449648438097824
339,716,5.5,0.2,0,-0.039906067249925514
340,682,5.99,1.8,0,-0.13718730929515766
341,822,5.17,0.4,0,-0.014108202961330307
342,812,5.3,1.4,0,-0.16873396496723692
343,629,5.06,1.5,0,-0.18914568198761605
344,746,5.18,1.1,0,-0.12224915015839488
345,762,5.98,0.3,0,-0.014004038766849858
346,520,5.13,1.1,0,-0.07258277138948954
347,896,5.4,0.8,0,-0.05312577847023492
348,564,5.61,1.7,0,-0.16452716501961334
349,786,5.65,0.1,0,-0.05686862986019725
350,591,5.13,1.2,0,-0.1169502863683054
351,724,5.68,1.4,0,-0.2494521406496144
352,507,5.5,1.3,0,-0.10988033677172959
353,614,5.09,1.1,0,-0.11350711648590206
354,832,5.09,0.6,0,-0.02894436760532859
355,508,5.05,0.2,1,0.017093691910321174
356,549,5.84,0.8,0,-0.08473243521108831
357,582,5.57,0.3,0,-0.051765030575035564
358,799,5.12,0.6,0,-0.05740296635261921
359,893,5.99,1.8,0,-0.061816548313058495
360,706,5.75,0.2,0,-0.06859912018972802
361,715,5.86,1.8,0,-0.189499866055391
362,671,5.82,0.9,0,-0.14889337508444345
363,512,5.05,1.0,0,-0.06191156159443867
364,664,5.33,1.8,0,-0.13200765052284746
365,779,5.73,0.2,0,-0.05840427603964771
366,700,5.35,0.3,0,-0.036176776611017925
367,720,5.55,1.5,0,-0.23164611544705394
368,814,5.73,0.0,0,-0.0474666484855506
369,758,5.84,0.2,0,-0.04713925554254761
370,868,5.15,1.0,0,-0.059452069658127216
371,615,5.03,1.7,0,-0.12208524733213766
372,860,5.16,1.8,0,-0.05978691739725939
373,576,6.0,0.6,0,-0.05016619699505365
374,844,5.66,1.5,0,-0.1756124745613502
375,543,5.49,1.4,0,-0.15882723973265478
376,748,5.79,1.0,0,-0.16600900794940343
377,735,5.49,1.7,0,-0.16168786873377
378,661,5.69,1.9,0,-0.17229658093514266
379,576,5.93,1.2,0,-0.1262468926920809
380,767,5.48,1.8,0,-0.13641068680911284
381,626,5.73,1.0,0,-0.15912975112668798
382,570,5.6,1.4,0,-0.20947074702173518
383,691,5.8,0.8,0,-0.14273475512794953
384,784,5.5,0.9,0,-0.11051365334646612
385,842,5.64,0.9,0,-0.10471164460548288
386,687,5.49,1.3,0,-0.16299364399774702
387,694,5.82,0.8,0,-0.1355013778260955
388,631,5.58,0.9,0,-0.14963248221918535
389,877,5.24,0.2,1,0.009484492736531736
390,500,5.21,1.7,0,-0.10015335178280504
391,759,5.52,0.5,0,-0.0654888491265696
392,638,5.89,0.7,0,-0.12067602961146895
393,604,5.6,0.2,0,-0.05660011543606658
394,518,5.56,0.9,0,-0.09246634119078223
395,824,5.64,0.9,0,-0.12394391506598812
396,590,5.78,0.3,0,-0.05751700790989145
397,850,5.22,1.5,0,-0.12933611923881094
398,808,5.99,1.6,0,-0.17950202849342772
399,744,5.97,0.8,0,-0.0975935931217693
400,733,5.02,1.1,0,-0.11757896270175194
401,875,5.09,1.7,0,-0.07396442305496587
402,691,5.53,0.4,0,-0.05371139763437749
403,897,5.75,0.1,0,-0.028209404543218075
404,781,5.24,0.1,0,-0.020814224265608416
405,783,5.24,1.0,0,-0.1029738945199351
406,614,5.74,0.0,0,-0.06165867775536027
407,520,5.86,0.1,0,-0.01127527514365445
408,643,5.6,1.7,0,-0.19582008374876197
409,873,5.17,0.5,0,-0.014094751259571048
410,734,5.66,0.2,0,-0.06587442815929945
411,513,5.54,0.9,0,-0.08325591081966988
412,775,5.99,1.1,0,-0.1025230282266687
413,502,5.53,1.2,0,-0.10300996978688781
414,507,5.66,1.5,0,-0.17994580477997368
415,661,5.6,1.7,0,-0.19684403259188277
416,686,5.48,0.3,0,-0.03878499915089828
417,747,5.15,0.3,0,-0.03491380098025665
418,537,5.14,1.1,0,-0.07258277138948954
419,623,5.5,1.7,0,-0.14590546626445666
420,599,5.98,0.2,0,-0.007578481986925234
421,887,5.31,1.6,0,-0.12243202235033612
422,813,5.22,1.4,0,-0.1657843478913812
423,588,5.1,0.8,0,-0.08475431148842227
424,581,5.18,0.2,0,-0.011096638157569005
425,841,5.83,1.6,0,-0.17992357390552843
426,746,5.68,1.7,0,-0.1990645881623353
427,758,5.5,0.9,0,-0.11543420560536144
428,686,5.6,0.1,0,-0.06273481806795456
429,515,5.98,1.0,0,-0.05434912794535485
430,574,5.91,0.9,0,-0.094142720872878
431,545,5.2,1.5,0,-0.15400691818585122
432,896,5.26,0.5,0,-0.016652535685495407
433,812,5.79,1.3,0,-0.18779896446320976
434,554,5.53,2.0,0,-0.08603978687042735
435,842,5.52,0.3,0,-0.016697339952886803
436,886,5.27,0.9,0,-0.05740715822909015
437,740,5.89,1.9,0,-0.17015026267419342
438,843,5.53,1.8,0,-0.08024806288398845
439,653,5.71,1.5,0,-0.2524901690200575
440,734,5.86,1.8,0,-0.18640535560808186
441,598,5.67,0.5,0,-0.08821423124716388
442,899,5.19,1.1,0,-0.061035826114820724
443,622,5.23,1.4,0,-0.19495655718282734
444,573,5.82,1.6,0,-0.21642893632101595
445,825,5.49,1.9,0,-0.09465310371948843
446,844,5.14,0.8,0,-0.04792048295410434
447,709,5.86,1.2,0,-0.18051477156524887
448,835,5.53,2.0,0,-0.07047512580036752
449,790,5.54,0.6,0,-0.09153029980736871
450,556,5.32,0.6,0,-0.04226755127232673
451,804,5.2,1.1,0,-0.0954354342563336
452,886,5.2,1.3,0,-0.09267205482634489
453,504,5.55,1.6,0,-0.1657550378770969
454,636,5.12,1.7,0,-0.1329366721393882
455,580,5.71,0.4,0,-0.06588063006701717
456,628,5.01,1.2,0,-0.12467767140057417
457,742,5.44,0.5,0,-0.06429817737314247
458,726,5.73,1.1,0,-0.17604768617326833
459,597,5.64,1.7,0,-0.18879257693246515
460,890,5.6,1.2,0,-0.12331357841196622
461,867,5.59,0.6,0,-0.06880416560700531
462,830,5.03,1.1,0,-0.06954164361728943
463,505,5.89,0.5,0,-0.03046937636038549
464,809,5.85,0.2,0,-0.03343337953740699
465,622,5.17,2.0,0,-0.09193132852160313
466,810,5.67,0.1,0,-0.04733162666327162
467,869,5.66,0.8,0,-0.09684462449402775
468,896,5.03,0.5,0,-0.00970531604274616
469,623,5.46,0.2,0,-0.03141497233232915
470,579,5.44,1.7,0,-0.12094300462755014
471,799,5.9,1.3,0,-0.16719079130159425
472,523,5.06,1.8,0,-0.08468646907502797
473,535,5.67,0.3,0,-0.03022551427452891
474,699,5.81,1.1,0,-0.16746143919531792
475,763,5.86,0.1,0,-0.046561312315990144
476,892,5.19,1.5,0,-0.12155522062866142
477,620,5.82,1.7,0,-0.19613514837821344
478,744,5.48,0.3,0,-0.04385501065891373
479,843,5.25,0.9,0,-0.05820233747815451
480,664,5.35,1.7,0,-0.1504389634453115
481,602,5.22,1.3,0,-0.13704857618936928
482,647,5.53,1.3,0,-0.16645529019421473
483,835,5.41,0.8,0,-0.06147347278403448
484,660,5.18,0.8,0,-0.09484215968050125
485,739,5.34,1.2,0,-0.14819904801719302
486,615,5.73,1.4,0,-0.24245250648397848
487,778,5.47,1.2,0,-0.1347532679515543
488,877,5.94,0.7,0,-0.06365853427168178
489,729,5.38,1.0,0,-0.1212285043616157
490,818,5.76,0.7,0,-0.11919591881539715
491,745,5.8,0.9,0,-0.16049258206703926
492,610,5.11,0.9,0,-0.10026266663761885
493,536,5.12,0.2,1,0.010657951142886257
494,791,5.29,0.8,0,-0.09178163121545369
495,667,5.64,1.1,0,-0.17165205745855638
496,556,5.67,0.8,0,-0.10077677969160559
497,724,5.51,0.6,0,-0.09484371536842984
498,522,5.48,0.9,0,-0.0776443086058749
499,674,5.51,1.1,0,-0.1356031908774955
500,667,5.93,1.8,0,-0.1703917362079011
501,523,5.86,1.0,0,-0.0949122782107823
502,793,5.88,1.9,0,-0.14793708439384212
503,505,5.99,0.7,0,-0.03024129238533424
504,538,5.34,1.8,0,-0.09310109669467748
505,892,5.73,1.9,0,-0.10083968110787245
506,874,5.64,0.1,0,-0.02831156863101436
507,890,5.76,1.5,0,-0.1759261127209395
508,757,5.63,1.6,0,-0.2380955451987144
509,536,5.04,0.1,1,0.013880254337305442
510,732,5.73,1.7,0,-0.2076321157746795
511,616,5.88,1.2,0,-0.16274790886092655
512,716,5.19,1.6,0,-0.19541532446371712
513,706,5.33,0.7,0,-0.08571352020751966
514,774,5.88,1.6,0,-0.23581891548018086
515,746,5.88,1.4,0,-0.24410530104126438
516,739,5.91,2.0,0,-0.14780597921872846
517,836,5.08,0.0,1,0.008598858750435423
518,765,5.88,1.6,0,-0.23906146345556378
519,614,5.36,0.2,0,-0.02313727492602302
520,762,5.91,1.8,0,-0.16336527639442705
521,650,5.48,1.9,0,-0.12225375884589906
522,756,5.48,0.1,0,-0.02848359394226907
523,787,5.35,1.0,0,-0.1072622152164403
524,731,5.84,0.4,0,-0.0719407552393102
525,637,5.78,0.7,0,-0.13842381976288598
526,781,5.79,1.5,0,-0.23990355966179805
527,578,5.87,1.5,0,-0.21966686264781693
528,538,5.58,0.5,0,-0.05657971015755381
529,856,5.65,0.5,0,-0.05700055530067527
530,885,5.81,1.0,0,-0.11258160462866384
531,832,5.27,0.5,0,-0.020892503079431468
532,712,5.59,1.2,0,-0.17950039491867542
533,814,5.79,1.0,0,-0.1423915961313339
534,699,5.85,1.9,0,-0.1806369234027645
535,858,5.89,0.6,0,-0.05894637934622915
536,791,5.21,0.4,0,-0.029369360524126975
537,638,5.83,0.9,0,-0.14463475048539975
538,823,5.73,1.3,0,-0.18063402325693872
539,601,5.73,0.3,0,-0.05597474526424584
540,890,5.64,1.1,0,-0.11094931206504577
541,633,5.83,0.8,0,-0.13565434044345515
542,537,5.87,0.3,0,-0.013928879015046802
543,698,5.64,1.9,0,-0.16958784003265054
544,634,5.5,1.6,0,-0.20269002346460008
545,851,5.16,0.2,1,0.009484492736531736
546,583,5.85,1.1,0,-0.13362264679605595
547,864,5.01,1.0,0,-0.0513123344589167
548,595,5.97,1.8,0,-0.1313968430770308
549,866,5.58,1.2,0,-0.11666459197040602
550,633,5.49,1.6,0,-0.20570513557863052
551,674,5.7,0.2,0,-0.07000966484474558
552,743,5.25,1.3,0,-0.15616734736401716
553,591,5.34,1.2,0,-0.1235326884484117
554,548,5.87,1.5,0,-0.197557613679135
555,797,5.96,0.9,0,-0.09730388752699648
556,745,5.14,1.3,0,-0.152332744490909
557,572,5.06,1.8,0,-0.09281848859583253
558,558,5.6,1.4,0,-0.19031808624480712
559,695,5.35,0.2,0,-0.026505627938603782
560,741,5.18,2.0,0,-0.10031564026054507
561,616,5.15,0.2,0,-0.015288678617337736
562,707,5.62,0.1,0,-0.06660324810265184
563,900,5.65,0.7,0,-0.08940411193489939
564,583,5.94,1.6,0,-0.20310203644289299
565,566,5.45,0.1,0,-0.008141868886743842
566,615,5.85,0.8,0,-0.12809056548786313
567,814,5.9,1.7,0,-0.17041929564999575
568,512,5.19,1.7,0,-0.09711691655868393
569,738,5.66,1.6,0,-0.24672455240425722
570,839,5.39,0.2,1,0.0007115923548861591
571,706,5.4,1.2,0,-0.13909281468960732
572,577,5.54,1.0,0,-0.12282289278304193
573,640,5.45,1.7,0,-0.1442717562150011
574,783,5.93,1.1,0,-0.12317339356989077
575,632,5.59,1.2,0,-0.17854052863055786
576,743,5.04,1.1,0,-0.11928434547723088
577,618,5.8,0.8,0,-0.14362879565483155
578,851,5.34,1.5,0,-0.13478788338666003
579,512,5.62,2.0,0,-0.10778937220483276
580,880,5.02,0.7,0,-0.037331703231823665
581,769,5.03,1.6,0,-0.17751081702603894
582,610,5.97,1.7,0,-0.1589271873673927
583,887,5.67,1.1,0,-0.11060217427722785
584,544,5.0,0.1,1,0.013880254337305442
585,863,5.78,0.1,0,-0.03635756744463936
586,679,5.08,1.0,0,-0.11169573483272643
587,772,5.05,1.7,0,-0.138950567644747
588,827,5.34,1.2,0,-0.0984942191256023
589,835,5.42,0.2,1,0.0002745591766982747
590,632,5.67,1.0,0,-0.1661812177668992
591,764,5.04,1.1,0,-0.11005067591809714
592,763,5.44,1.8,0,-0.13015533080584385
593,725,5.1,1.6,0,-0.19554014335314002
594,794,5.91,1.2,0,-0.14977896387008538
595,752,5.92,1.0,0,-0.13454549226472534
596,891,5.13,0.1,1,0.010815192773423798
597,568,5.41,0.8,0,-0.0750030081877966
598,735,5.72,1.7,0,-0.20747170860980035
599,803,5.99,0.3,0,-0.012360547922914633
600,589,5.8,1.7,0,-0.18589560697293622
601,787,5.51,1.4,0,-0.2034262805038915
602,839,5.13,1.6,0,-0.1280699267252874
603,583,5.66,0.5,0,-0.08600151139078593
604,565,5.05,0.8,0,-0.06319370126566093
605,692,5.21,0.7,0,-0.08612055190100842
606,776,5.14,1.8,0,-0.12679930232935366
607,529,5.67,1.1,0,-0.11445911961018973
608,628,5.67,1.3,0,-0.2005269611477013
609,539,5.79,0.1,0,-0.023607899823448797
610,640,5.1,0.1,0,-0.01864870107069594
611,553,5.74,1.0,0,-0.11287291963760049
612,738,5.94,0.0,0,-0.025477561818171512
613,590,5.79,1.6,0,-0.22927390056502256
614,784,5.51,0.6,0,-0.0816204723498114
615,675,5.33,1.8,0,-0.13327328351213963
616,807,5.3,0.1,0,-0.010718803100984609
617,603,5.36,1.0,0,-0.10830624600145311
618,770,5.4,0.3,0,-0.03456009326780041
619,562,5.68,1.3,0,-0.15262254773618988
620,862,5.86,1.8,0,-0.10725829559530886
621,875,5.29,1.8,0,-0.06543655218846378
622,504,5.3,1.1,0,-0.07036124215627415
623,504,5.08,0.2,1,0.017093691910321174
624,831,5.25,0.3,0,-0.0033881055416429273
625,536,5.96,0.6,0,-0.03044104598358599
626,607,5.99,1.1,0,-0.10383986141313117
627,546,5.49,0.3,0,-0.012446493513324497
628,598,5.18,0.5,0,-0.04251664411442435
629,898,5.64,0.4,0,-0.044039777958165605
630,558,5.66,1.6,0,-0.19850921344241723
631,700,5.31,1.5,0,-0.2065938188158914
632,678,5.43,0.8,0,-0.10292492898113148
633,638,5.74,1.6,0,-0.24794984337245768
634,859,5.67,1.9,0,-0.09755615756562996
635,733,5.79,1.4,0,-0.24838912588874507
636,728,5.54,1.0,0,-0.14280066028387772
637,825,5.05,0.6,0,-0.03773401263384801
638,571,5.44,0.2,0,-0.014880593721354862
639,649,5.55,1.7,0,-0.16697529122187238
640,837,5.1,1.4,0,-0.1367027182503523
641,699,5.3,1.1,0,-0.12135294325687074
642,792,5.78,1.4,0,-0.23750788150330082
643,669,5.68,0.7,0,-0.14251144737564025
644,896,5.17,1.0,0,-0.05905546037323872
645,789,5.58,1.1,0,-0.14547192151985822
646,661,5.76,0.8,0,-0.15103814257388093
647,856,5.03,0.3,1,0.005905418828046738
648,607,5.05,1.6,0,-0.17394881513580873
649,533,5.21,1.0,0,-0.06836128811805842
650,582,5.13,1.7,0,-0.11489962390783037
651,859,5.36,0.7,0,-0.04760089034656034
652,530,5.74,0.3,0,-0.03136673191194317
653,832,5.08,1.2,0,-0.0852498217410036
654,846,5.78,1.4,0,-0.19180571059873014
655,762,5.16,0.1,0,-0.023310641661795972
656,546,5.07,1.3,0,-0.09415763347732631
657,542,5.45,1.7,0,-0.11620415787589744
658,602,5.73,1.9,0,-0.15526793778088915
659,760,5.2,1.1,0,-0.11260812652086316
660,717,5.21,0.1,0,-0.02917266043270106
661,554,5.01,1.9,0,-0.07249938856694271
662,864,5.43,1.5,0,-0.13034998161344424
663,677,5.5,0.5,0,-0.06864122850975518
664,675,5.18,1.1,0,-0.12022937029954095
665,606,5.8,1.3,0,-0.18945369315719746
666,841,5.23,1.9,0,-0.060428638660424916
667,788,5.7,1.9,0,-0.15747831631854703
668,781,5.58,0.5,0,-0.07751579016910726
669,654,5.31,0.9,0,-0.10657569486625484
670,685,5.29,1.9,0,-0.1268806889810431
671,752,5.21,1.1,0,-0.11812710922450742
672,729,5.88,0.9,0,-0.1432833441556972
673,546,5.62,1.1,0,-0.11738404832681626
674,878,5.02,1.3,0,-0.07802711927023598
675,802,5.31,1.7,0,-0.12703119737462643
676,508,5.71,0.8,0,-0.0873971108562529
677,691,5.58,1.1,0,-0.15794271937840865
678,747,5.07,0.6,0,-0.07475927205033672
679,709,5.02,2.0,0,-0.09488023071623863
680,652,5.32,0.5,0,-0.05594845892912648
681,823,5.6,0.7,0,-0.10304994377795818
682,624,5.75,0.0,0,-0.06258705203995885
683,574,5.78,0.5,0,-0.07211145059737167
684,821,5.59,0.5,0,-0.06834359856225958
685,823,5.18,0.9,0,-0.07438258206620385
686,545,5.44,0.2,1,0.0020479563997790606
687,768,5.62,0.4,0,-0.07353223377184703
688,577,5.83,1.9,0,-0.14482703068253922
689,784,5.17,0.5,0,-0.04909060626960304
690,895,5.09,1.5,0,-0.11638923855751071
691,689,5.95,1.0,0,-0.12020772715310046
692,531,5.87,1.0,0,-0.09172003354093661
693,775,5.02,0.8,0,-0.08753220077576851
694,656,5.88,0.3,0,-0.054678711796348756
695,890,5.12,0.4,0,-0.0025187029670191707
696,684,5.89,0.2,0,-0.04280909539866895
697,582,5.63,1.3,0,-0.18485877344109913
698,835,5.69,0.4,0,-0.055687514336762334
699,653,5.3,2.0,0,-0.10523285142956007
700,748,5.98,1.8,0,-0.12808977219791418
701,763,5.64,0.0,0,-0.058738969993429646
702,505,5.48,1.2,0,-0.09592957608738184
703,837,5.82,0.1,0,-0.03128669345395463
704,670,5.32,1.7,0,-0.14801124271455457
705,778,5.57,1.4,0,-0.2224788369637939
706,714,5.71,0.9,0,-0.15982554761165657
707,659,5.33,1.0,0,-0.11027431406182098
708,687,5.59,1.6,0,-0.24562373719165914
709,894,5.06,0.0,1,0.010815192773423798
710,569,5.67,0.3,0,-0.04759561521008149
711,531,5.99,1.5,0,-0.15550630740748217
712,603,5.45,2.0,0,-0.09294080611867761
713,567,5.57,1.1,0,-0.12075648193309962
714,777,5.52,0.0,0,-0.03688634252291445
715,667,5.69,0.9,0,-0.16002881136388358
716,719,5.7,0.5,0,-0.10813904884668968
717,572,5.39,0.1,0,-0.013599399161747905
718,827,5.81,0.6,0,-0.09311376321335485
719,635,5.34,0.8,0,-0.10149977478659011
720,564,5.28,1.4,0,-0.16024970896603336
721,824,5.45,0.3,0,-0.014849479574808866
722,558,5.95,1.3,0,-0.11294169929430742
723,618,5.81,0.8,0,-0.13836341647665662
724,662,5.35,0.2,0,-0.025840232294729426
725,670,5.87,0.1,0,-0.04553694920776308
726,769,5.0,0.6,0,-0.06532977599264655
727,743,5.39,1.5,0,-0.20622680255194498
728,560,5.0,1.9,0,-0.07249938856694271
729,795,5.19,0.4,0,-0.02672642424096383
730,714,5.91,0.5,0,-0.07477709421908296
731,598,5.98,0.5,0,-0.04388390790350161
732,887,5.97,1.7,0,-0.09690496899977752
733,620,5.32,1.8,0,-0.11647069536805077
734,865,5.62,0.2,0,-0.027695231077208504
735,858,5.07,0.7,0,-0.04112165453600314
736,848,5.25,1.3,0,-0.09565596359365236
737,825,5.67,1.8,0,-0.13644343340047194
738,702,5.1,1.0,0,-0.11194335017235513
739,519,5.57,0.5,0,-0.048179416881683146
740,817,5.95,1.8,0,-0.13119168676920878
741,644,5.54,0.4,0,-0.06040148234752318
742,556,5.33,1.8,0,-0.09660830110653851
743,510,5.17,1.6,0,-0.1359821741520446
744,585,5.34,1.2,0,-0.12466405180579077
745,826,5.36,1.0,0,-0.08090868882087543
746,761,5.96,0.3,0,-0.016984830010768892
747,746,5.72,1.0,0,-0.17147069285457933
748,636,5.21,1.6,0,-0.1885460462696279
749,661,5.87,0.3,0,-0.05292888343524349
750,664,5.57,0.7,0,-0.12563745053512698
751,540,5.46,0.2,0,-0.003445514092952573
752,806,5.11,0.0,0,-0.0071843555378132695
753,740,5.05,1.2,0,-0.14356766396912946
754,542,5.13,1.2,0,-0.0870507064483419
755,797,5.97,1.9,0,-0.1184968818770541
756,691,5.98,1.3,0,-0.14702981816803407
757,813,5.77,1.4,0,-0.2259746497203869
758,704,5.04,0.5,0,-0.05403685612684339
759,775,5.98,1.8,0,-0.12069630725036595
760,879,5.41,0.1,1,0.0033400100407322553
761,549,5.45,1.7,0,-0.11806552665933623
762,640,5.06,1.1,0,-0.11936353718251624
763,633,5.91,0.8,0,-0.12006083303275661
764,602,5.38,1.4,0,-0.19355219882763786
765,502,5.02,1.8,0,-0.07117519543604978
766,773,5.44,1.2,0,-0.13707533373935799
767,529,5.84,0.6,0,-0.061514071414092264
768,556,5.73,0.8,0,-0.0967528938287332
769,573,5.83,0.1,0,-0.0311399124888887
770,869,5.19,1.8,0,-0.05978691739725939
771,789,5.83,1.1,0,-0.1458870379991365
772,730,5.38,1.3,0,-0.16062722309262523
773,564,5.66,0.8,0,-0.10608329991054088
774,788,5.86,0.8,0,-0.11514033224069264
775,899,5.29,1.8,0,-0.06073518439469461
776,557,5.78,1.0,0,-0.11552152523123727
777,544,5.08,2.0,0,-0.06592645154863319
778,665,5.67,0.0,0,-0.06831663356978612
779,888,5.31,1.5,0,-0.12731059965338642
780,513,5.28,1.7,0,-0.10207117207054517
781,658,5.13,0.7,0,-0.08508973811438769
782,597,5.94,1.0,0,-0.10629107677548666
783,594,5.87,0.9,0,-0.11706066413684935
784,865,5.75,1.5,0,-0.17877645911532652
785,864,5.38,0.0,1,0.0037791179628167137
786,579,5.71,1.5,0,-0.21623762814166303
787,821,5.6,0.5,0,-0.06867603969448466
788,888,5.3,1.6,0,-0.12243202235033612
789,706,5.39,0.5,0,-0.06353828336161338
790,590,5.3,1.0,0,-0.10006332594006007
791,850,5.23,0.8,0,-0.048728490631005594
792,530,5.55,0.6,0,-0.06678442547990182
793,573,5.67,0.9,0,-0.1284971348247982
794,572,5.31,0.5,0,-0.042255489364507404
795,594,5.31,0.9,0,-0.09625829962140031
796,748,5.3,0.7,0,-0.09152772937114284
797,869,5.02,0.1,1,0.014930860374426147
798,865,5.94,0.3,0,-0.01011214640350555
799,798,5.21,0.8,0,-0.08456351249673888
800,845,5.48,0.6,0,-0.03956374197895396
801,805,5.99,1.9,0,-0.10110581115619677
802,815,5.96,1.9,0,-0.1083781292109508
803,633,5.54,0.1,0,-0.04203981721730987
804,698,5.29,0.6,0,-0.07630155996565013
805,847,5.24,1.4,0,-0.12814869174428734
806,711,5.74,0.7,0,-0.13728044957341035
807,735,5.45,0.0,0,-0.037440276663644134
808,853,5.85,0.7,0,-0.08169829542472018
809,783,5.64,1.8,0,-0.16357505251087473
810,885,5.52,0.4,0,-0.022624855828351942
811,681,5.41,0.1,0,-0.02441100632708293
812,728,5.35,1.3,0,-0.16191101437761352
813,807,5.1,1.0,0,-0.08878162491456187
814,524,5.47,1.0,0,-0.08229232309110346
815,675,5.44,0.9,0,-0.11071465787771828
816,572,5.45,0.2,0,-0.019383842273594465
817,726,5.01,0.4,0,-0.038506503472311326
818,750,5.81,1.5,0,-0.24932432616664307
819,712,5.17,1.8,0,-0.12831737095333384
820,584,5.89,0.9,0,-0.11138322030109593
821,768,5.02,0.9,0,-0.10234021683449634
822,616,5.73,1.1,0,-0.16054119536293127
823,689,5.05,1.1,0,-0.11725533661843046
824,618,5.0,1.9,0,-0.09331176352937343
825,830,5.74,1.6,0,-0.20139358821338094
826,717,6.0,0.0,0,-0.010324006854184553
827,502,5.67,0.9,0,-0.09609504097829524
828,896,5.5,1.3,0,-0.10297641158363868
829,875,5.3,0.9,0,-0.05740715822909015
830,718,5.42,1.3,0,-0.1578932662720492
831,596,5.25,0.6,0,-0.06615614608127429
832,766,5.87,0.6,0,-0.09848856134240846
833,521,5.69,0.9,0,-0.09998026298070928
834,787,5.87,0.9,0,-0.1241431388335037
835,686,5.33,1.9,0,-0.12529104116342293
836,714,5.44,1.0,0,-0.1159239669267439
837,790,5.93,1.5,0,-0.2243604761214359
838,717,5.51,0.5,0,-0.07768412489593335
839,856,5.22,0.6,0,-0.026017628841504048
840,775,5.81,1.4,0,-0.24160153512967691
841,881,5.9,0.2,0,-0.01449009060912787
842,520,5.42,0.6,0,-0.042108428185408275
843,652,5.45,0.5,0,-0.06521217934483525
844,530,5.38,0.6,0,-0.04170008045945939
845,750,5.47,2.0,0,-0.10262171135407805
846,559,5.26,1.5,0,-0.1591454404926047
847,815,5.45,0.9,0,-0.08801680082784402
848,593,5.9,1.7,0,-0.18113263613571529
849,669,5.69,0.1,0,-0.07082270185784234
850,569,5.05,1.6,0,-0.1471877320190565
851,803,5.87,0.0,0,-0.032288320974083295
852,767,5.48,0.7,0,-0.09588986014834278
853,650,5.82,0.3,0,-0.06788672927337946
854,698,5.12,0.9,0,-0.10727054101134159
855,710,5.14,0.3,0,-0.03390356702214026
856,660,5.49,0.2,0,-0.030089978005783724
857,850,5.18,1.4,0,-0.12487395082180741
858,731,5.29,0.5,0,-0.061712099880626314
859,664,5.21,1.6,0,-0.1980889117781005
860,888,5.69,1.7,0,-0.1240919846117533
861,813,5.29,0.3,0,-0.017783282147391888
862,818,5.26,1.1,0,-0.0919621665491146
863,866,5.06,0.4,0,-0.0025187029670191707
864,886,5.46,0.2,0,-0.0009252703343014534
865,895,5.23,1.5,0,-0.11971735395843663
866,664,5.75,0.8,0,-0.147835477351055
867,850,5.84,1.1,0,-0.1071704259079409
868,672,5.64,1.2,0,-0.19000543405237624
869,694,5.68,0.8,0,-0.1432916537481086
870,761,5.67,1.1,0,-0.16210603138058333
871,854,5.78,1.8,0,-0.11337917619012472
872,857,5.85,1.3,0,-0.1434239665181719
873,607,5.81,1.6,0,-0.2330785730050698
874,877,5.78,0.8,0,-0.10322514763249291
875,632,5.86,1.4,0,-0.2470399526908949
876,785,5.08,0.8,0,-0.09117486584258694
877,850,5.28,0.5,0,-0.017927539399020476
878,874,5.63,0.2,0,-0.028667070324160937
879,611,5.14,1.3,0,-0.13525960748251686
880,795,5.14,1.9,0,-0.10440772600721471
881,824,5.65,1.5,0,-0.21030495065539279
882,724,5.62,1.6,0,-0.24709498120983442
883,566,5.43,1.7,0,-0.11614025738394673
884,655,5.56,1.5,0,-0.23217545060393674
885,537,5.66,1.6,0,-0.18669149645510286
886,821,5.13,1.2,0,-0.1005106950258634
887,647,5.21,1.7,0,-0.13565599386281035
888,534,5.09,0.3,1,0.0018970730570321281
889,602,5.87,1.2,0,-0.15787117345436635
890,503,5.24,0.3,1,0.004407430915274402
891,671,5.18,0.2,0,-0.01777538388248079
892,512,5.96,0.4,1,0.0031062596757870375
893,611,5.21,1.2,0,-0.12555016450105128
894,576,5.03,1.4,0,-0.16269272278550828
895,570,5.45,0.7,0,-0.07667586883111743
896,787,5.71,0.6,0,-0.11120070255588954
897,654,5.01,1.4,0,-0.1829818236710371
898,644,5.2,0.5,0,-0.05611723262801327
899,658,5.4,1.1,0,-0.12315983468141933
900,898,5.8,0.7,0,-0.0982580976213876
901,660,5.04,0.5,0,-0.05014360228788706
902,839,5.62,1.9,0,-0.09974929321082893
903,825,5.39,0.1,0,-0.002315949784333249
904,792,5.37,0.1,0,-0.022758981336737927
905,679,5.96,0.9,0,-0.10690422710411707
906,514,5.99,1.2,0,-0.07107615564213998
907,858,5.16,2.0,0,-0.03932443306652489
908,659,5.47,1.6,0,-0.20607760524530744
909,885,5.44,1.4,0,-0.12854849185545236
910,658,5.95,1.2,0,-0.15536505908077003
911,622,5.48,0.2,0,-0.03183027646811476
912,675,5.18,0.2,0,-0.020119103588648435
913,723,5.25,0.0,0,-0.030422277084549032
914,794,5.83,1.2,0,-0.16462799410165618
915,539,5.78,1.0,0,-0.11156288015748583
916,560,5.26,0.9,0,-0.07267603605938144
917,633,5.02,1.6,0,-0.17740426176495488
918,685,5.26,1.3,0,-0.15358183061668756
919,839,5.33,0.3,0,-0.0033881055416429273
920,630,5.71,0.1,0,-0.06697092289011464
921,511,5.31,1.1,0,-0.07036124215627415
922,856,5.41,1.4,0,-0.13578206460989695
923,841,5.77,0.3,0,-0.04714500974801272
924,578,5.15,1.0,0,-0.09691808479913755
925,851,5.52,1.2,0,-0.10372677452800427
926,810,5.66,1.0,0,-0.14285380373246181
927,716,5.5,1.8,0,-0.1433740474898746
928,601,5.6,1.8,0,-0.1641577936974825
929,771,5.51,1.9,0,-0.12964490879210422
930,591,5.32,0.9,0,-0.09556198536757976
931,535,5.32,1.2,0,-0.09033042542905323
932,833,5.95,1.4,0,-0.18342186141496603
933,612,5.31,1.5,0,-0.18992006043023624
934,535,5.49,0.4,0,-0.02257966101938258
935,686,5.42,0.5,0,-0.05822503292127679
936,850,5.51,0.3,0,-0.013102154712465786
937,788,5.75,0.1,0,-0.058047547145038236
938,730,5.74,0.9,0,-0.16405925796951604
939,839,5.84,1.5,0,-0.1956478243588875
940,780,5.18,1.8,0,-0.12648015022441206
941,746,5.3,0.6,0,-0.07553098677326064
942,537,5.15,1.9,0,-0.0784276460695188
943,840,5.58,0.8,0,-0.09127373975180297
944,657,5.38,1.9,0,-0.11900099034553924
945,810,5.56,0.7,0,-0.10052553850254342
946,514,5.86,0.6,0,-0.05348588291249057
947,756,5.99,1.9,0,-0.11438468634988619
948,753,5.54,1.6,0,-0.22270196023165584
949,757,5.27,1.1,0,-0.11340332061974334
950,559,5.67,0.6,0,-0.0791828016212649
951,648,5.93,1.8,0,-0.16527098077715247
952,623,5.76,0.2,0,-0.06587503891951851
953,655,5.22,0.1,0,-0.018856638366858802
954,527,5.46,0.9,0,-0.07494876488718849
955,743,5.54,1.7,0,-0.17848933509780052
956,589,5.56,1.0,0,-0.13302898189690426
957,894,5.66,1.2,0,-0.1281860449450084
958,882,5.92,1.8,0,-0.0936570505206662
959,702,5.56,0.7,0,-0.12038811916160996
960,745,5.8,1.9,0,-0.16898756468653037
961,840,5.09,2.0,0,-0.03932443306652489
962,811,5.07,1.9,0,-0.0901451663342071
963,683,5.02,0.9,0,-0.1032365650245356
964,543,5.11,1.8,0,-0.08806505585767421
965,844,5.44,1.9,0,-0.06240436688244899
966,887,5.35,1.0,0,-0.06573477659648896
967,695,5.93,0.1,0,-0.03250674231179118
968,818,5.65,1.0,0,-0.14037265425329293
969,624,5.52,1.4,0,-0.21264736093861714
970,535,5.14,1.1,0,-0.07258277138948954
971,506,5.75,1.7,0,-0.1510637783452914
972,505,5.59,0.7,0,-0.08357060966854923
973,567,5.92,0.9,0,-0.07807237529852606
974,645,5.16,0.0,0,-0.018558219226454287
975,779,5.64,0.9,0,-0.1400191060308018
976,673,5.73,1.4,0,-0.2529849068079889
977,660,5.48,1.4,0,-0.21038539703537107
978,624,5.42,2.0,0,-0.09498141918043301
979,571,5.67,1.3,0,-0.1729775597403989
980,504,5.66,1.3,0,-0.13905481695017985
981,759,5.71,0.4,0,-0.07902054675264325
982,674,5.55,1.3,0,-0.1798604377401925
983,655,5.58,1.7,0,-0.18434232079043528
984,651,5.3,1.4,0,-0.1952188010841867
985,792,5.81,0.2,0,-0.04885654758763647
986,822,5.08,1.8,0,-0.08911801401345654
987,844,5.47,0.2,0,-0.0022321642297170596
988,589,5.84,0.1,0,-0.03793666833540199
989,808,5.38,0.3,0,-0.022566736778937724
990,873,5.39,2.0,0,-0.04395181302698292
991,836,5.4,0.4,0,-0.01198857524352348
992,654,5.63,1.8,0,-0.17411162820516474
993,811,5.82,1.2,0,-0.16126164461696774
994,830,5.59,0.6,0,-0.07537243852871833
995,831,5.73,0.5,0,-0.07062686674526075
996,785,5.3,0.9,0,-0.09923619225416824
997,694,5.21,0.5,0,-0.05649311713828442
998,588,5.02,0.2,0,-0.007981177692604424
999,889,5.42,0.8,0,-0.05352639833984518
